{
  "config": "singlestep-fps2",
  "variant": "A_pure_single_step",
  "fps": 2.0,
  "model": "gemini-2.5-flash",
  "num_videos": 5,
  "aggregate": {
    "mean_iou": 0.3502842886190941,
    "recall_at_1_iou_0.3": 0.5179323600376231,
    "recall_at_1_iou_0.5": 0.3497566760724656,
    "recall_at_1_iou_0.7": 0.16258127837075204,
    "step_detection_rate": 0.8887743835112257,
    "ordering_compliance": 0.8112745098039216
  }
}