{
  "approach": "manual-subsec",
  "model": "gemini-2.5-flash",
  "num_videos": 4,
  "aggregate": {
    "mean_iou": 0.3209030425580296,
    "recall_at_1_iou_0.3": 0.42568396515764934,
    "recall_at_1_iou_0.5": 0.32963235594814544,
    "recall_at_1_iou_0.7": 0.16587944219523165,
    "step_detection_rate": 0.9423076923076923,
    "ordering_compliance": 1.0
  },
  "per_video": [
    {
      "recording_id": "12_51",
      "metrics": {
        "mean_iou": 0.48885242567767434,
        "per_step_iou": [
          0.6620700949891603,
          0.6359976614348256,
          0.9040201694040135,
          0.8703189649250382,
          0.09099860600526306,
          0.0,
          0.3892967225026576,
          0.6666819288783445,
          0.18028768295976597
        ],
        "recall_at_1_iou_0.3": 0.6666666666666666,
        "recall_at_1_iou_0.5": 0.5555555555555556,
        "recall_at_1_iou_0.7": 0.2222222222222222,
        "step_detection_rate": 1.0,
        "ordering_compliance": 1.0,
        "num_gt_steps": 9,
        "num_predictions": 9
      }
    },
    {
      "recording_id": "10_50",
      "metrics": {
        "mean_iou": 0.40968081215525715,
        "per_step_iou": [
          0.26486641769606434,
          0.21233763121315247,
          0.6280287963248268,
          0.8923672708162269,
          0.18880208333333537,
          0.6038391457265134,
          0.6665839511151093,
          0.7215085384099468,
          0.3349453698728274,
          0.0,
          0.0,
          0.0,
          0.8125713535103396
        ],
        "recall_at_1_iou_0.3": 0.5384615384615384,
        "recall_at_1_iou_0.5": 0.46153846153846156,
        "recall_at_1_iou_0.7": 0.23076923076923078,
        "step_detection_rate": 0.7692307692307693,
        "ordering_compliance": 1.0,
        "num_gt_steps": 13,
        "num_predictions": 13
      }
    },
    {
      "recording_id": "10_6",
      "metrics": {
        "mean_iou": 0.2568993299799262,
        "per_step_iou": [
          0.0,
          0.25443510737628383,
          0.9353294853294853,
          0.0,
          0.07143942848457194,
          0.9374682726475615,
          0.7884069720308071,
          0.7823100762207897,
          0.15782049021336633,
          0.33805095026283916,
          0.12428170519845066,
          0.173763889924676,
          0.0,
          0.0,
          0.0,
          0.0,
          0.0,
          0.0,
          0.3177808919297659
        ],
        "recall_at_1_iou_0.3": 0.3157894736842105,
        "recall_at_1_iou_0.5": 0.21052631578947367,
        "recall_at_1_iou_0.7": 0.21052631578947367,
        "step_detection_rate": 1.0,
        "ordering_compliance": 1.0,
        "num_gt_steps": 19,
        "num_predictions": 19
      }
    },
    {
      "recording_id": "9_45",
      "metrics": {
        "mean_iou": 0.12817960241926063,
        "per_step_iou": [
          0.0,
          0.38257198948426885,
          0.05568396106818393,
          0.0,
          0.656431678120924,
          0.020329065151876928,
          0.0,
          0.26663484003548277,
          0.0,
          0.028324092751130608,
          0.0
        ],
        "recall_at_1_iou_0.3": 0.18181818181818182,
        "recall_at_1_iou_0.5": 0.09090909090909091,
        "recall_at_1_iou_0.7": 0.0,
        "step_detection_rate": 1.0,
        "ordering_compliance": 1.0,
        "num_gt_steps": 11,
        "num_predictions": 11
      }
    }
  ]
}