{
  "approach": "manual-intsec",
  "model": "gemini-2.5-flash",
  "num_videos": 4,
  "aggregate": {
    "mean_iou": 0.3009705595542819,
    "recall_at_1_iou_0.3": 0.3764568764568764,
    "recall_at_1_iou_0.5": 0.30672105672105676,
    "recall_at_1_iou_0.7": 0.1757964257964258,
    "step_detection_rate": 0.9807692307692308,
    "ordering_compliance": 0.975
  },
  "per_video": [
    {
      "recording_id": "12_51",
      "metrics": {
        "mean_iou": 0.5607784965711324,
        "per_step_iou": [
          0.7881786845109052,
          0.9088291656590087,
          0.93041992710817,
          0.8687030269829717,
          0.19782305653318938,
          0.0,
          0.47475210061300105,
          0.6207466749332812,
          0.2575538327996646
        ],
        "recall_at_1_iou_0.3": 0.6666666666666666,
        "recall_at_1_iou_0.5": 0.5555555555555556,
        "recall_at_1_iou_0.7": 0.4444444444444444,
        "step_detection_rate": 1.0,
        "ordering_compliance": 1.0,
        "num_gt_steps": 9,
        "num_predictions": 9
      }
    },
    {
      "recording_id": "10_50",
      "metrics": {
        "mean_iou": 0.3110710960878731,
        "per_step_iou": [
          0.0,
          0.19172698077937017,
          0.6162637608896607,
          0.8834435981080649,
          0.1627604166666669,
          0.12712403067926598,
          0.2791649865070256,
          0.31079065141720547,
          0.5373455131649625,
          0.0,
          0.24509803921568551,
          0.0,
          0.690206271714442
        ],
        "recall_at_1_iou_0.3": 0.38461538461538464,
        "recall_at_1_iou_0.5": 0.3076923076923077,
        "recall_at_1_iou_0.7": 0.07692307692307693,
        "step_detection_rate": 0.9230769230769231,
        "ordering_compliance": 1.0,
        "num_gt_steps": 13,
        "num_predictions": 13
      }
    },
    {
      "recording_id": "9_45",
      "metrics": {
        "mean_iou": 0.15166876500266302,
        "per_step_iou": [
          0.0,
          0.6135390847178293,
          0.7491088031259997,
          0.2877057246943186,
          0.01800280249114553,
          0.0,
          0.0,
          0.0,
          0.0,
          0.0,
          0.0
        ],
        "recall_at_1_iou_0.3": 0.18181818181818182,
        "recall_at_1_iou_0.5": 0.18181818181818182,
        "recall_at_1_iou_0.7": 0.09090909090909091,
        "step_detection_rate": 1.0,
        "ordering_compliance": 1.0,
        "num_gt_steps": 11,
        "num_predictions": 11
      }
    },
    {
      "recording_id": "1_34",
      "metrics": {
        "mean_iou": 0.18036388055545907,
        "per_step_iou": [
          0.06603493247928154,
          0.04697040864255518,
          0.7673492878039421,
          0.0,
          0.6031642486692833,
          0.0,
          0.03821878114207646,
          0.03278140353131348,
          0.429483623841598,
          0.0,
          0.0
        ],
        "recall_at_1_iou_0.3": 0.2727272727272727,
        "recall_at_1_iou_0.5": 0.18181818181818182,
        "recall_at_1_iou_0.7": 0.09090909090909091,
        "step_detection_rate": 1.0,
        "ordering_compliance": 0.9,
        "num_gt_steps": 11,
        "num_predictions": 11
      }
    }
  ]
}