{
  "config": "clean-fps1-sub-v2",
  "aggregate": {
    "mean_iou": 0.4202973991221842,
    "recall_at_1_iou_0.3": 0.5697542223858013,
    "recall_at_1_iou_0.5": 0.5151351572404204,
    "recall_at_1_iou_0.7": 0.1969574285363759,
    "step_detection_rate": 0.9538461538461538
  },
  "num_videos": 5
}