{
  "config": "fps2-mmss",
  "fps_tag": "fps2",
  "format_tag": "mmss",
  "ts_format": "MM:SS",
  "num_videos": 4,
  "aggregate": {
    "mean_iou": 0.3684719963347478,
    "recall_at_1_iou_0.3": 0.4954095611990349,
    "recall_at_1_iou_0.5": 0.3815891710628553,
    "recall_at_1_iou_0.7": 0.22390913180386865,
    "step_detection_rate": 0.8846153846153846,
    "ordering_compliance": 1.0
  },
  "per_video": [
    {
      "recording_id": "12_51",
      "metrics": {
        "mean_iou": 0.6565355820015665,
        "per_step_iou": [
          0.7881786845109052,
          0.5049050920327827,
          0.8978338999965955,
          0.8687030269829717,
          0.6318778113663832,
          0.0,
          0.6308031988305725,
          0.823279108459363,
          0.7632394158345245
        ],
        "recall_at_1_iou_0.3": 0.8888888888888888,
        "recall_at_1_iou_0.5": 0.8888888888888888,
        "recall_at_1_iou_0.7": 0.5555555555555556,
        "step_detection_rate": 1.0,
        "ordering_compliance": 1.0,
        "num_gt_steps": 9,
        "num_predictions": 9
      }
    },
    {
      "recording_id": "10_50",
      "metrics": {
        "mean_iou": 0.2588592725847966,
        "per_step_iou": [
          0.0,
          0.2875904711690553,
          0.0,
          0.0,
          0.4882812500000007,
          0.6356201533963298,
          0.7134216321846211,
          0.5594231725509698,
          0.2992684548880519,
          0.0,
          0.0,
          0.0,
          0.3815654094133265
        ],
        "recall_at_1_iou_0.3": 0.38461538461538464,
        "recall_at_1_iou_0.5": 0.23076923076923078,
        "recall_at_1_iou_0.7": 0.07692307692307693,
        "step_detection_rate": 0.5384615384615384,
        "ordering_compliance": 1.0,
        "num_gt_steps": 13,
        "num_predictions": 13
      }
    },
    {
      "recording_id": "10_6",
      "metrics": {
        "mean_iou": 0.3996933947200711,
        "per_step_iou": [
          0.12158333333333331,
          0.15561780267662623,
          0.9259761904761904,
          0.2797985450475659,
          0.1519987840097279,
          0.7849259259259258,
          0.5511241446725328,
          0.8375910880308238,
          0.7347322635631574,
          0.7487616634028328,
          0.44123793412279777,
          0.2983071071668278,
          0.47724999999999795,
          0.4257142857142883,
          0.07235282162455009,
          0.0754825976026579,
          0.006373056994818154,
          0.13439649781113194,
          0.37095045750556427
        ],
        "recall_at_1_iou_0.3": 0.5263157894736842,
        "recall_at_1_iou_0.5": 0.3157894736842105,
        "recall_at_1_iou_0.7": 0.2631578947368421,
        "step_detection_rate": 1.0,
        "ordering_compliance": 1.0,
        "num_gt_steps": 19,
        "num_predictions": 19
      }
    },
    {
      "recording_id": "1_34",
      "metrics": {
        "mean_iou": 0.1587997360325571,
        "per_step_iou": [
          0.06603493247928154,
          0.07045561296383278,
          0.06394577398366184,
          0.609583001329044,
          0.10052737477821388,
          0.12356357345854437,
          0.03821878114207646,
          0.06556280706262696,
          0.13970660263317758,
          0.12996756664717019,
          0.3392310698804986
        ],
        "recall_at_1_iou_0.3": 0.18181818181818182,
        "recall_at_1_iou_0.5": 0.09090909090909091,
        "recall_at_1_iou_0.7": 0.0,
        "step_detection_rate": 1.0,
        "ordering_compliance": 1.0,
        "num_gt_steps": 11,
        "num_predictions": 11
      }
    }
  ]
}