{
  "config": "fps8-mmss",
  "fps_tag": "fps8",
  "format_tag": "mmss",
  "ts_format": "MM:SS",
  "num_videos": 3,
  "aggregate": {
    "mean_iou": 0.37111350853165265,
    "recall_at_1_iou_0.3": 0.47578347578347574,
    "recall_at_1_iou_0.5": 0.3874643874643875,
    "recall_at_1_iou_0.7": 0.23646723646723647,
    "step_detection_rate": 0.923076923076923,
    "ordering_compliance": 1.0
  },
  "per_video": [
    {
      "recording_id": "12_51",
      "metrics": {
        "mean_iou": 0.6735558884908346,
        "per_step_iou": [
          0.7881786845109052,
          0.9088291656590087,
          0.93041992710817,
          0.9268958878473187,
          0.5355815446353707,
          0.17347606140302388,
          0.7121281509195015,
          0.6207466749332812,
          0.46574689940093134
        ],
        "recall_at_1_iou_0.3": 0.8888888888888888,
        "recall_at_1_iou_0.5": 0.7777777777777778,
        "recall_at_1_iou_0.7": 0.5555555555555556,
        "step_detection_rate": 1.0,
        "ordering_compliance": 1.0,
        "num_gt_steps": 9,
        "num_predictions": 9
      }
    },
    {
      "recording_id": "10_50",
      "metrics": {
        "mean_iou": 0.3492201058999806,
        "per_step_iou": [
          0.048035354020559126,
          0.23965872597421273,
          0.22409591305078572,
          0.4072939353510563,
          0.3255208333333338,
          0.5932454765032412,
          0.6203666366822791,
          0.5594231725509698,
          0.71646068421995,
          0.0,
          0.0,
          0.0,
          0.8057606450133605
        ],
        "recall_at_1_iou_0.3": 0.5384615384615384,
        "recall_at_1_iou_0.5": 0.38461538461538464,
        "recall_at_1_iou_0.7": 0.15384615384615385,
        "step_detection_rate": 0.7692307692307693,
        "ordering_compliance": 1.0,
        "num_gt_steps": 13,
        "num_predictions": 13
      }
    },
    {
      "recording_id": "1_34",
      "metrics": {
        "mean_iou": 0.09056453120414291,
        "per_step_iou": [
          0.09905239871892231,
          0.05059352310706466,
          0.04795933048774638,
          0.0,
          0.10052737477821388,
          0.18534536018781655,
          0.11465634342622939,
          0.09834421059394044,
          0.10477995197488318,
          0.19495134997075528,
          0.0
        ],
        "recall_at_1_iou_0.3": 0.0,
        "recall_at_1_iou_0.5": 0.0,
        "recall_at_1_iou_0.7": 0.0,
        "step_detection_rate": 1.0,
        "ordering_compliance": 1.0,
        "num_gt_steps": 11,
        "num_predictions": 11
      }
    }
  ]
}