{
  "config": "fps2-mmss",
  "run": "run2",
  "num_videos": 5,
  "aggregate": {
    "mean_iou": 0.5364912609760738,
    "recall_at_1_iou_0.3": 0.737430990062569,
    "recall_at_1_iou_0.5": 0.6242260663313295,
    "recall_at_1_iou_0.7": 0.3739582055371529
  }
}