{
  "config": "noaudio-fps4-mmss",
  "audio": "off",
  "num_videos": 5,
  "aggregate": {
    "mean_iou": 0.32708993728796704,
    "recall_at_1_iou_0.3": 0.45580501369975057,
    "recall_at_1_iou_0.5": 0.27738109843373004,
    "recall_at_1_iou_0.7": 0.2292479450374187
  }
}