{
  "dataset": "captaincook4d",
  "model": "gemini-2.5-flash",
  "fps": 4,
  "timestamp_format": "MM:SS",
  "num_videos": 5,
  "aggregate": {
    "mean_iou": 0.4278851643339994,
    "recall_at_1_iou_0.3": 0.6521899153478101,
    "recall_at_1_iou_0.5": 0.46536621273463374,
    "recall_at_1_iou_0.7": 0.23285486443381181,
    "step_detection_rate": 0.8895104895104895,
    "ordering_compliance": 1.0
  },
  "results": [
    {
      "recording_id": "12_51",
      "duration_mmss": "04:01",
      "metrics": {
        "mean_iou": 0.7512797473919984,
        "per_step_iou": [
          0.918815354850133,
          0.6491636897564348,
          0.8000651962311007,
          0.8687030269829717,
          0.7221460701330094,
          0.8258649807223915,
          0.7121281509195015,
          0.6207466749332812,
          0.6438845819991615
        ],
        "recall_at_1_iou_0.3": 1.0,
        "recall_at_1_iou_0.5": 1.0,
        "recall_at_1_iou_0.7": 0.6666666666666666,
        "step_detection_rate": 1.0,
        "ordering_compliance": 1.0,
        "num_gt_steps": 9,
        "num_predictions": 9
      }
    },
    {
      "recording_id": "10_50",
      "duration_mmss": "04:09",
      "metrics": {
        "mean_iou": 0.2569793081044501,
        "per_step_iou": [
          0.0,
          0.33552221636389784,
          0.5042158043642678,
          0.0,
          0.3255208333333338,
          0.5932454765032412,
          0.5893483048481651,
          0.3729487817006466,
          0.6199295882442984,
          0.0,
          0.0,
          0.0,
          0.0
        ],
        "recall_at_1_iou_0.3": 0.5384615384615384,
        "recall_at_1_iou_0.5": 0.3076923076923077,
        "recall_at_1_iou_0.7": 0.0,
        "step_detection_rate": 0.5384615384615384,
        "ordering_compliance": 1.0,
        "num_gt_steps": 13,
        "num_predictions": 13
      }
    },
    {
      "recording_id": "10_6",
      "duration_mmss": "05:14",
      "metrics": {
        "mean_iou": 0.46955918586456247,
        "per_step_iou": [
          0.20491666666666664,
          0.4668534080298787,
          0.8838863636363636,
          0.3730647267300879,
          0.9180231705528663,
          0.9908932194592556,
          0.6080259424402111,
          0.7538319792277415,
          0.5873189869035947,
          0.6911646123718457,
          0.1336362421488707,
          0.8203445447087765,
          0.0,
          0.0,
          0.0,
          0.26452693765981816,
          0.31836994587710915,
          0.0,
          0.9067677850136014
        ],
        "recall_at_1_iou_0.3": 0.631578947368421,
        "recall_at_1_iou_0.5": 0.47368421052631576,
        "recall_at_1_iou_0.7": 0.3157894736842105,
        "step_detection_rate": 1.0,
        "ordering_compliance": 1.0,
        "num_gt_steps": 19,
        "num_predictions": 19
      }
    },
    {
      "recording_id": "9_45",
      "duration_mmss": "05:25",
      "metrics": {
        "mean_iou": 0.2856043203153994,
        "per_step_iou": [
          0.0,
          0.42313040325367535,
          0.397742579058455,
          0.94463862526383,
          0.303362984027635,
          0.0,
          0.0,
          0.30844513254136957,
          0.03264829658279438,
          0.0,
          0.731679502741634
        ],
        "recall_at_1_iou_0.3": 0.5454545454545454,
        "recall_at_1_iou_0.5": 0.18181818181818182,
        "recall_at_1_iou_0.7": 0.18181818181818182,
        "step_detection_rate": 0.9090909090909091,
        "ordering_compliance": 1.0,
        "num_gt_steps": 11,
        "num_predictions": 11
      }
    },
    {
      "recording_id": "1_34",
      "duration_mmss": "05:46",
      "metrics": {
        "mean_iou": 0.37600325999358675,
        "per_step_iou": [
          0.09905239871892231,
          0.05396538069917423,
          0.5595255223570411,
          0.609583001329044,
          0.6701824985214259,
          0.49425429383417746,
          0.22931268685245879,
          0.108950315964921,
          0.628679711849299,
          0.38990269994151056,
          0.29262734986148026
        ],
        "recall_at_1_iou_0.3": 0.5454545454545454,
        "recall_at_1_iou_0.5": 0.36363636363636365,
        "recall_at_1_iou_0.7": 0.0,
        "step_detection_rate": 1.0,
        "ordering_compliance": 1.0,
        "num_gt_steps": 11,
        "num_predictions": 11
      }
    }
  ]
}