{
  "config": "fpsmax-mmss",
  "fps_tag": "fpsmax",
  "format_tag": "mmss",
  "ts_format": "MM:SS",
  "num_videos": 2,
  "aggregate": {
    "mean_iou": 0.47782609359383554,
    "recall_at_1_iou_0.3": 0.6549707602339181,
    "recall_at_1_iou_0.5": 0.43567251461988304,
    "recall_at_1_iou_0.7": 0.24269005847953215,
    "step_detection_rate": 1.0,
    "ordering_compliance": 1.0
  },
  "per_video": [
    {
      "recording_id": "12_51",
      "metrics": {
        "mean_iou": 0.5932227768222775,
        "per_step_iou": [
          0.6305429476087242,
          0.9088291656590087,
          0.49601982575849146,
          0.9268958878473187,
          0.6321171202410655,
          0.4955189884334349,
          0.23737605030650052,
          0.4965973399466249,
          0.5151076655993292
        ],
        "recall_at_1_iou_0.3": 0.8888888888888888,
        "recall_at_1_iou_0.5": 0.5555555555555556,
        "recall_at_1_iou_0.7": 0.2222222222222222,
        "step_detection_rate": 1.0,
        "ordering_compliance": 1.0,
        "num_gt_steps": 9,
        "num_predictions": 9
      }
    },
    {
      "recording_id": "10_6",
      "metrics": {
        "mean_iou": 0.3624294103653935,
        "per_step_iou": [
          0.03824999999999997,
          0.08394611447732218,
          0.9259761904761904,
          0.2797985450475659,
          0.4559963520291837,
          0.9908932194592556,
          0.6080259424402111,
          0.7538319792277415,
          0.7347322635631574,
          0.9048760991207037,
          0.2672724842977414,
          0.0,
          0.0,
          0.0,
          0.20708221163802118,
          0.26452693765981816,
          0.0,
          0.0,
          0.37095045750556427
        ],
        "recall_at_1_iou_0.3": 0.42105263157894735,
        "recall_at_1_iou_0.5": 0.3157894736842105,
        "recall_at_1_iou_0.7": 0.2631578947368421,
        "step_detection_rate": 1.0,
        "ordering_compliance": 1.0,
        "num_gt_steps": 19,
        "num_predictions": 19
      }
    }
  ]
}