{
  "config": "fps8-sub",
  "fps_tag": "fps8",
  "format_tag": "sub",
  "ts_format": "MM:SS.ss",
  "num_videos": 4,
  "aggregate": {
    "mean_iou": 0.37695989373402045,
    "recall_at_1_iou_0.3": 0.548582995951417,
    "recall_at_1_iou_0.5": 0.38416554206027886,
    "recall_at_1_iou_0.7": 0.22143499775078723,
    "step_detection_rate": 0.9868421052631579,
    "ordering_compliance": 0.975
  },
  "per_video": [
    {
      "recording_id": "12_51",
      "metrics": {
        "mean_iou": 0.6969865814238072,
        "per_step_iou": [
          0.7093608160598147,
          0.8262083324172806,
          0.9093696805572343,
          0.9143428814387565,
          0.45922261326448816,
          0.6606919845779132,
          0.5934401257662513,
          0.6207466749332812,
          0.5794961237992454
        ],
        "recall_at_1_iou_0.3": 1.0,
        "recall_at_1_iou_0.5": 0.8888888888888888,
        "recall_at_1_iou_0.7": 0.4444444444444444,
        "step_detection_rate": 1.0,
        "ordering_compliance": 1.0,
        "num_gt_steps": 9,
        "num_predictions": 9
      }
    },
    {
      "recording_id": "10_50",
      "metrics": {
        "mean_iou": 0.3826317109701767,
        "per_step_iou": [
          0.033624747814391356,
          0.19172698077937017,
          0.4762038152329196,
          0.9288028319233835,
          0.3255208333333338,
          0.5508707996101525,
          0.5893483048481651,
          0.7141229419472453,
          0.358230342109975,
          0.0,
          0.0,
          0.0,
          0.8057606450133605
        ],
        "recall_at_1_iou_0.3": 0.6153846153846154,
        "recall_at_1_iou_0.5": 0.38461538461538464,
        "recall_at_1_iou_0.7": 0.23076923076923078,
        "step_detection_rate": 1.0,
        "ordering_compliance": 1.0,
        "num_gt_steps": 13,
        "num_predictions": 13
      }
    },
    {
      "recording_id": "10_6",
      "metrics": {
        "mean_iou": 0.375576097621668,
        "per_step_iou": [
          0.02158333333333336,
          0.15561780267662623,
          0.9259761904761904,
          0.2331654542063049,
          0.37999696002431976,
          0.8830416666666666,
          0.5066882853668426,
          0.7538319792277415,
          0.4114500675953681,
          0.8019876849951391,
          0.2672724842977414,
          0.07457677679170695,
          0.0,
          0.3355704697986557,
          0.13761113258600494,
          0.3527025835464242,
          0.42449326116947883,
          0.14064598204820192,
          0.329733740004946
        ],
        "recall_at_1_iou_0.3": 0.5789473684210527,
        "recall_at_1_iou_0.5": 0.2631578947368421,
        "recall_at_1_iou_0.7": 0.21052631578947367,
        "step_detection_rate": 0.9473684210526315,
        "ordering_compliance": 1.0,
        "num_gt_steps": 19,
        "num_predictions": 19
      }
    },
    {
      "recording_id": "9_45",
      "metrics": {
        "mean_iou": 0.05264518492042982,
        "per_step_iou": [
          0.0,
          0.23272172178952144,
          0.034772839852499994,
          0.0,
          0.13482799290117112,
          0.17677447958153544,
          0.0,
          0.0,
          0.0,
          0.0,
          0.0
        ],
        "recall_at_1_iou_0.3": 0.0,
        "recall_at_1_iou_0.5": 0.0,
        "recall_at_1_iou_0.7": 0.0,
        "step_detection_rate": 1.0,
        "ordering_compliance": 0.9,
        "num_gt_steps": 11,
        "num_predictions": 11
      }
    }
  ]
}