{
  "config": "fps1-sub",
  "fps_tag": "fps1",
  "format_tag": "sub",
  "ts_format": "MM:SS.ss",
  "num_videos": 5,
  "aggregate": {
    "mean_iou": 0.44415580029529433,
    "recall_at_1_iou_0.3": 0.6808980493191019,
    "recall_at_1_iou_0.5": 0.519208277103014,
    "recall_at_1_iou_0.7": 0.19571422729317464,
    "step_detection_rate": 0.9279352226720647,
    "ordering_compliance": 0.9800000000000001
  },
  "per_video": [
    {
      "recording_id": "12_51",
      "metrics": {
        "mean_iou": 0.605349759877419,
        "per_step_iou": [
          0.4729072107065432,
          0.6601900804591025,
          0.8928356863652847,
          0.8127492279455614,
          0.6321171202410655,
          0.4955189884334349,
          0.47475210061300105,
          0.6207466749332812,
          0.3863307491994969
        ],
        "recall_at_1_iou_0.3": 1.0,
        "recall_at_1_iou_0.5": 0.5555555555555556,
        "recall_at_1_iou_0.7": 0.2222222222222222,
        "step_detection_rate": 1.0,
        "ordering_compliance": 1.0,
        "num_gt_steps": 9,
        "num_predictions": 9
      }
    },
    {
      "recording_id": "10_50",
      "metrics": {
        "mean_iou": 0.32353678510901684,
        "per_step_iou": [
          0.048035354020559126,
          0.19172698077937017,
          0.5882517717583124,
          0.0,
          0.3255208333333338,
          0.5508707996101525,
          0.5893483048481651,
          0.7057409253503781,
          0.6269030986924562,
          0.0,
          0.0,
          0.0,
          0.5795801380244917
        ],
        "recall_at_1_iou_0.3": 0.5384615384615384,
        "recall_at_1_iou_0.5": 0.46153846153846156,
        "recall_at_1_iou_0.7": 0.07692307692307693,
        "step_detection_rate": 0.6923076923076923,
        "ordering_compliance": 1.0,
        "num_gt_steps": 13,
        "num_predictions": 13
      }
    },
    {
      "recording_id": "10_6",
      "metrics": {
        "mean_iou": 0.4624060198205585,
        "per_step_iou": [
          0.02158333333333336,
          0.08558979147214453,
          0.8642444444444444,
          0.2797985450475659,
          0.07599939200486396,
          0.756892857142857,
          0.5511241446725328,
          0.8375910880308238,
          0.7053429730206311,
          0.7487616634028328,
          0.5986483281954005,
          0.20787633419212445,
          0.0,
          0.3355704697986557,
          0.5365555555555532,
          0.5290538753196363,
          0.742863207046588,
          0.5372679164050596,
          0.37095045750556427
        ],
        "recall_at_1_iou_0.3": 0.6842105263157895,
        "recall_at_1_iou_0.5": 0.5789473684210527,
        "recall_at_1_iou_0.7": 0.3157894736842105,
        "step_detection_rate": 0.9473684210526315,
        "ordering_compliance": 1.0,
        "num_gt_steps": 19,
        "num_predictions": 19
      }
    },
    {
      "recording_id": "9_45",
      "metrics": {
        "mean_iou": 0.5516824161653873,
        "per_step_iou": [
          0.0,
          0.7722129859379575,
          0.5568396106818371,
          0.472319312631915,
          0.8763819538576122,
          0.17677447958153544,
          0.3720708009528866,
          0.937889928363339,
          0.6026402713006896,
          0.6026402713006891,
          0.6987369632107986
        ],
        "recall_at_1_iou_0.3": 0.8181818181818182,
        "recall_at_1_iou_0.5": 0.6363636363636364,
        "recall_at_1_iou_0.7": 0.2727272727272727,
        "step_detection_rate": 1.0,
        "ordering_compliance": 0.9,
        "num_gt_steps": 11,
        "num_predictions": 11
      }
    },
    {
      "recording_id": "1_34",
      "metrics": {
        "mean_iou": 0.27780402050408987,
        "per_step_iou": [
          0.06603493247928154,
          0.07045561296383278,
          0.5755119658529566,
          0.6966662872331931,
          0.7707098732996398,
          0.0,
          0.03821878114207646,
          0.044672843419244636,
          0.6636063625075935,
          0.12996756664717019,
          0.0
        ],
        "recall_at_1_iou_0.3": 0.36363636363636365,
        "recall_at_1_iou_0.5": 0.36363636363636365,
        "recall_at_1_iou_0.7": 0.09090909090909091,
        "step_detection_rate": 1.0,
        "ordering_compliance": 1.0,
        "num_gt_steps": 11,
        "num_predictions": 11
      }
    }
  ]
}