{
  "config": "singlestep-fps4",
  "variant": "A_pure_single_step",
  "fps": 4.0,
  "model": "gemini-2.5-flash",
  "num_videos": 5,
  "aggregate": {
    "mean_iou": 0.33572413894145436,
    "recall_at_1_iou_0.3": 0.4977712346133399,
    "recall_at_1_iou_0.5": 0.3238457448983765,
    "recall_at_1_iou_0.7": 0.17994520099783257,
    "step_detection_rate": 0.951048951048951,
    "ordering_compliance": 0.8483333333333333
  }
}