{
  "config": "fps4-mmss",
  "fps_tag": "fps4",
  "format_tag": "mmss",
  "ts_format": "MM:SS",
  "num_videos": 4,
  "aggregate": {
    "mean_iou": 0.4607029241414752,
    "recall_at_1_iou_0.3": 0.6798961272645483,
    "recall_at_1_iou_0.5": 0.41761747024904916,
    "recall_at_1_iou_0.7": 0.3169549748497117,
    "step_detection_rate": 0.9195804195804196,
    "ordering_compliance": 1.0
  },
  "per_video": [
    {
      "recording_id": "12_51",
      "metrics": {
        "mean_iou": 0.5526999634836184,
        "per_step_iou": [
          0.4729072107065432,
          0.7573576380491739,
          0.8928356863652847,
          0.8599076777722919,
          0.39564611306637876,
          0.4955189884334349,
          0.47475210061300105,
          0.4965973399466249,
          0.1287769163998323
        ],
        "recall_at_1_iou_0.3": 0.8888888888888888,
        "recall_at_1_iou_0.5": 0.3333333333333333,
        "recall_at_1_iou_0.7": 0.3333333333333333,
        "step_detection_rate": 1.0,
        "ordering_compliance": 1.0,
        "num_gt_steps": 9,
        "num_predictions": 9
      }
    },
    {
      "recording_id": "10_50",
      "metrics": {
        "mean_iou": 0.3975295768046538,
        "per_step_iou": [
          0.048035354020559126,
          0.23965872597421273,
          0.5042158043642678,
          0.8643133355631445,
          0.3255208333333338,
          0.7016220294228595,
          0.5893483048481651,
          0.3729487817006466,
          0.71646068421995,
          0.0,
          0.0,
          0.0,
          0.8057606450133605
        ],
        "recall_at_1_iou_0.3": 0.6153846153846154,
        "recall_at_1_iou_0.5": 0.46153846153846156,
        "recall_at_1_iou_0.7": 0.3076923076923077,
        "step_detection_rate": 0.7692307692307693,
        "ordering_compliance": 1.0,
        "num_gt_steps": 13,
        "num_predictions": 13
      }
    },
    {
      "recording_id": "10_6",
      "metrics": {
        "mean_iou": 0.4124999256540897,
        "per_step_iou": [
          0.03824999999999997,
          0.15561780267662623,
          0.8838863636363636,
          0.3730647267300879,
          0.4559963520291837,
          0.9908932194592556,
          0.8107012565869481,
          0.7538319792277415,
          0.7053429730206311,
          0.6911646123718457,
          0.55087588520313,
          0.1491535535834139,
          0.16235504014272742,
          0.5201465201465209,
          0.1254119973632165,
          0.1410725652450664,
          0.0,
          0.0,
          0.329733740004946
        ],
        "recall_at_1_iou_0.3": 0.5789473684210527,
        "recall_at_1_iou_0.5": 0.42105263157894735,
        "recall_at_1_iou_0.7": 0.2631578947368421,
        "step_detection_rate": 1.0,
        "ordering_compliance": 1.0,
        "num_gt_steps": 19,
        "num_predictions": 19
      }
    },
    {
      "recording_id": "9_45",
      "metrics": {
        "mean_iou": 0.4800822306235388,
        "per_step_iou": [
          0.0,
          0.48659996374172665,
          0.037248181392185095,
          0.7457673357346026,
          0.9204661551575608,
          0.2651617193723032,
          0.2200151626769559,
          0.4419361989538383,
          0.6026402713006896,
          0.723168325560827,
          0.8379012229682379
        ],
        "recall_at_1_iou_0.3": 0.6363636363636364,
        "recall_at_1_iou_0.5": 0.45454545454545453,
        "recall_at_1_iou_0.7": 0.36363636363636365,
        "step_detection_rate": 0.9090909090909091,
        "ordering_compliance": 1.0,
        "num_gt_steps": 11,
        "num_predictions": 11
      }
    }
  ]
}