{
  "approach": "native",
  "model": "gemini-2.5-flash",
  "num_videos": 5,
  "aggregate": {
    "mean_iou": 0.3153521350631903,
    "recall_at_1_iou_0.3": 0.47267002003844105,
    "recall_at_1_iou_0.5": 0.27858340489919436,
    "recall_at_1_iou_0.7": 0.10877192982456138,
    "step_detection_rate": 0.923076923076923,
    "ordering_compliance": 0.9800000000000001
  },
  "per_video": [
    {
      "recording_id": "12_51",
      "metrics": {
        "mean_iou": 0.5606700983953423,
        "per_step_iou": [
          0.6305429476087242,
          0.9088291656590087,
          0.8928356863652847,
          0.8599076777722919,
          0.39564611306637876,
          0.4955189884334349,
          0.23737605030650052,
          0.4965973399466249,
          0.1287769163998323
        ],
        "recall_at_1_iou_0.3": 0.7777777777777778,
        "recall_at_1_iou_0.5": 0.4444444444444444,
        "recall_at_1_iou_0.7": 0.3333333333333333,
        "step_detection_rate": 1.0,
        "ordering_compliance": 1.0,
        "num_gt_steps": 9,
        "num_predictions": 9
      }
    },
    {
      "recording_id": "10_50",
      "metrics": {
        "mean_iou": 0.2086345804652526,
        "per_step_iou": [
          0.048035354020559126,
          0.19172698077937017,
          0.5042158043642678,
          0.0,
          0.3255208333333338,
          0.5508707996101525,
          0.6203666366822791,
          0.31079065141720547,
          0.1607224858411157,
          0.0,
          0.0,
          0.0,
          0.0
        ],
        "recall_at_1_iou_0.3": 0.38461538461538464,
        "recall_at_1_iou_0.5": 0.23076923076923078,
        "recall_at_1_iou_0.7": 0.0,
        "step_detection_rate": 0.6153846153846154,
        "ordering_compliance": 1.0,
        "num_gt_steps": 13,
        "num_predictions": 13
      }
    },
    {
      "recording_id": "10_6",
      "metrics": {
        "mean_iou": 0.3311571725284972,
        "per_step_iou": [
          0.12158333333333331,
          0.15561780267662623,
          0.8838863636363636,
          0.3730647267300879,
          0.4559963520291837,
          0.9908932194592556,
          0.6080259424402111,
          0.7538319792277415,
          0.4114500675953681,
          0.7487616634028328,
          0.1336362421488707,
          0.1491535535834139,
          0.0,
          0.0,
          0.0,
          0.1763512917732121,
          0.0,
          0.0,
          0.329733740004946
        ],
        "recall_at_1_iou_0.3": 0.47368421052631576,
        "recall_at_1_iou_0.5": 0.2631578947368421,
        "recall_at_1_iou_0.7": 0.21052631578947367,
        "step_detection_rate": 1.0,
        "ordering_compliance": 1.0,
        "num_gt_steps": 19,
        "num_predictions": 19
      }
    },
    {
      "recording_id": "9_45",
      "metrics": {
        "mean_iou": 0.1741316321083909,
        "per_step_iou": [
          0.08462608065073507,
          0.14809564113878637,
          0.079548515811691,
          0.0,
          0.03370699822529278,
          0.08838723979076772,
          0.0,
          0.4419361989538383,
          0.6026402713006896,
          0.06026402713006891,
          0.37624298019043
        ],
        "recall_at_1_iou_0.3": 0.2727272727272727,
        "recall_at_1_iou_0.5": 0.09090909090909091,
        "recall_at_1_iou_0.7": 0.0,
        "step_detection_rate": 1.0,
        "ordering_compliance": 0.9,
        "num_gt_steps": 11,
        "num_predictions": 11
      }
    },
    {
      "recording_id": "1_34",
      "metrics": {
        "mean_iou": 0.3021671918184686,
        "per_step_iou": [
          0.09905239871892231,
          0.0,
          0.5435390788611256,
          0.5100296185574116,
          0.6701824985214259,
          0.18534536018781655,
          0.03821878114207646,
          0.06556280706262696,
          0.5937530611910047,
          0.12996756664717019,
          0.48818793911357405
        ],
        "recall_at_1_iou_0.3": 0.45454545454545453,
        "recall_at_1_iou_0.5": 0.36363636363636365,
        "recall_at_1_iou_0.7": 0.0,
        "step_detection_rate": 1.0,
        "ordering_compliance": 1.0,
        "num_gt_steps": 11,
        "num_predictions": 11
      }
    }
  ]
}