{
  "config": "clean-fps1-mmss-v2",
  "aggregate": {
    "mean_iou": 0.4147110709429967,
    "recall_at_1_iou_0.3": 0.6025027603974973,
    "recall_at_1_iou_0.5": 0.49695333905860223,
    "recall_at_1_iou_0.7": 0.15375618533513272,
    "step_detection_rate": 0.9538461538461538
  },
  "num_videos": 5
}