{
  "mode": "adaptive",
  "fps": "2",
  "num_videos": 4,
  "aggregate": {
    "mean_iou": 0.2071135512691049,
    "recall_at_1_iou_0.3": 0.32642211589580006,
    "recall_at_1_iou_0.5": 0.22687400318979264,
    "recall_at_1_iou_0.7": 0.0768208399787347,
    "step_detection_rate": 1.0,
    "ordering_compliance": 0.95
  }
}