{
  "config": "fpsmax-sub",
  "fps_tag": "fpsmax",
  "format_tag": "sub",
  "ts_format": "MM:SS.ss",
  "num_videos": 3,
  "aggregate": {
    "mean_iou": 0.46576920322809573,
    "recall_at_1_iou_0.3": 0.6934254828991672,
    "recall_at_1_iou_0.5": 0.5754031543505228,
    "recall_at_1_iou_0.7": 0.32748538011695905,
    "step_detection_rate": 1.0,
    "ordering_compliance": 1.0
  },
  "per_video": [
    {
      "recording_id": "12_51",
      "metrics": {
        "mean_iou": 0.6739462213787516,
        "per_step_iou": [
          0.8669965529619957,
          0.7573576380491739,
          0.9141269135523827,
          0.7939351511237533,
          0.6625306050049342,
          0.0,
          0.8105654561972581,
          0.7448960099199374,
          0.5151076655993292
        ],
        "recall_at_1_iou_0.3": 0.8888888888888888,
        "recall_at_1_iou_0.5": 0.8888888888888888,
        "recall_at_1_iou_0.7": 0.6666666666666666,
        "step_detection_rate": 1.0,
        "ordering_compliance": 1.0,
        "num_gt_steps": 9,
        "num_predictions": 9
      }
    },
    {
      "recording_id": "10_6",
      "metrics": {
        "mean_iou": 0.4631142232745974,
        "per_step_iou": [
          0.3715833333333333,
          0.4668534080298787,
          0.47685324505968507,
          0.2797985450475659,
          0.9180231705528663,
          0.9437078280564338,
          0.5511241446725328,
          0.7538319792277415,
          0.5877858108505258,
          0.7487616634028328,
          0.55087588520313,
          0.7457677679170694,
          0.0,
          0.0,
          0.0,
          0.0,
          0.3032038834951444,
          0.3590986623574824,
          0.7419009150111285
        ],
        "recall_at_1_iou_0.3": 0.7368421052631579,
        "recall_at_1_iou_0.5": 0.47368421052631576,
        "recall_at_1_iou_0.7": 0.3157894736842105,
        "step_detection_rate": 1.0,
        "ordering_compliance": 1.0,
        "num_gt_steps": 19,
        "num_predictions": 19
      }
    },
    {
      "recording_id": "1_34",
      "metrics": {
        "mean_iou": 0.26024716503093814,
        "per_step_iou": [
          0.06603493247928154,
          0.011742602160638795,
          0.5275526353652102,
          0.5224997154248948,
          0.6366733735953546,
          0.06178178672927218,
          0.03821878114207646,
          0.03278140353131348,
          0.5588264105327103,
          0.06498378332358509,
          0.34162339105598194
        ],
        "recall_at_1_iou_0.3": 0.45454545454545453,
        "recall_at_1_iou_0.5": 0.36363636363636365,
        "recall_at_1_iou_0.7": 0.0,
        "step_detection_rate": 1.0,
        "ordering_compliance": 1.0,
        "num_gt_steps": 11,
        "num_predictions": 11
      }
    }
  ]
}