{
  "config": "fps2-sub",
  "fps_tag": "fps2",
  "format_tag": "sub",
  "ts_format": "MM:SS.ss",
  "num_videos": 4,
  "aggregate": {
    "mean_iou": 0.4168775917599066,
    "recall_at_1_iou_0.3": 0.5601868891342575,
    "recall_at_1_iou_0.5": 0.46559726822884717,
    "recall_at_1_iou_0.7": 0.2926225820962663,
    "step_detection_rate": 0.9423076923076923,
    "ordering_compliance": 1.0
  },
  "per_video": [
    {
      "recording_id": "12_51",
      "metrics": {
        "mean_iou": 0.7084238067728205,
        "per_step_iou": [
          0.7093608160598147,
          0.9088291656590087,
          0.8978338999965955,
          0.9268958878473187,
          0.5971100384789737,
          0.0,
          0.7121281509195015,
          0.7448960099199374,
          0.8787602920742345
        ],
        "recall_at_1_iou_0.3": 0.8888888888888888,
        "recall_at_1_iou_0.5": 0.8888888888888888,
        "recall_at_1_iou_0.7": 0.7777777777777778,
        "step_detection_rate": 1.0,
        "ordering_compliance": 1.0,
        "num_gt_steps": 9,
        "num_predictions": 9
      }
    },
    {
      "recording_id": "10_50",
      "metrics": {
        "mean_iou": 0.37488232182225806,
        "per_step_iou": [
          0.024017677010279563,
          0.21569285337679145,
          0.6022577663239865,
          0.9556801203562424,
          0.24414062500000036,
          0.6144328149497855,
          0.5893483048481651,
          0.31079065141720547,
          0.6269030986924562,
          0.0,
          0.0,
          0.0,
          0.690206271714442
        ],
        "recall_at_1_iou_0.3": 0.5384615384615384,
        "recall_at_1_iou_0.5": 0.46153846153846156,
        "recall_at_1_iou_0.7": 0.07692307692307693,
        "step_detection_rate": 0.7692307692307693,
        "ordering_compliance": 1.0,
        "num_gt_steps": 13,
        "num_predictions": 13
      }
    },
    {
      "recording_id": "10_6",
      "metrics": {
        "mean_iou": 0.4231435109518097,
        "per_step_iou": [
          0.03889830508474573,
          0.15561780267662623,
          0.8838863636363636,
          0.3264316358888269,
          0.4559963520291837,
          0.9908932194592556,
          0.7093635995135796,
          0.7957115336292827,
          0.7347322635631574,
          0.7487616634028328,
          0.55087588520313,
          0.22373033037512086,
          0.545428571428569,
          0.33949880668257876,
          0.03847977779283136,
          0.0273431858662693,
          0.0,
          0.10312695434646654,
          0.37095045750556427
        ],
        "recall_at_1_iou_0.3": 0.631578947368421,
        "recall_at_1_iou_0.5": 0.42105263157894735,
        "recall_at_1_iou_0.7": 0.3157894736842105,
        "step_detection_rate": 1.0,
        "ordering_compliance": 1.0,
        "num_gt_steps": 19,
        "num_predictions": 19
      }
    },
    {
      "recording_id": "1_34",
      "metrics": {
        "mean_iou": 0.16106072749273811,
        "per_step_iou": [
          0.06603493247928154,
          0.11742602160638796,
          0.06394577398366184,
          0.5224997154248948,
          0.10052737477821388,
          0.12356357345854437,
          0.03821878114207646,
          0.06556280706262696,
          0.13970660263317758,
          0.19495134997075528,
          0.3392310698804986
        ],
        "recall_at_1_iou_0.3": 0.18181818181818182,
        "recall_at_1_iou_0.5": 0.09090909090909091,
        "recall_at_1_iou_0.7": 0.0,
        "step_detection_rate": 1.0,
        "ordering_compliance": 1.0,
        "num_gt_steps": 11,
        "num_predictions": 11
      }
    }
  ]
}