{
  "config": "fps1-mmss",
  "fps_tag": "fps1",
  "format_tag": "mmss",
  "ts_format": "MM:SS",
  "num_videos": 5,
  "aggregate": {
    "mean_iou": 0.42749134454768767,
    "recall_at_1_iou_0.3": 0.6101582627898418,
    "recall_at_1_iou_0.5": 0.5187502555923609,
    "recall_at_1_iou_0.7": 0.23456426614321352,
    "step_detection_rate": 0.9174825174825175,
    "ordering_compliance": 1.0
  },
  "per_video": [
    {
      "recording_id": "12_51",
      "metrics": {
        "mean_iou": 0.6653326404586225,
        "per_step_iou": [
          0.7881786845109052,
          0.7088291656590087,
          0.8928356863652847,
          0.8599076777722919,
          0.6321171202410655,
          0.4955189884334349,
          0.47475210061300105,
          0.6207466749332812,
          0.5151076655993292
        ],
        "recall_at_1_iou_0.3": 1.0,
        "recall_at_1_iou_0.5": 0.7777777777777778,
        "recall_at_1_iou_0.7": 0.4444444444444444,
        "step_detection_rate": 1.0,
        "ordering_compliance": 1.0,
        "num_gt_steps": 9,
        "num_predictions": 9
      }
    },
    {
      "recording_id": "10_50",
      "metrics": {
        "mean_iou": 0.42752292160928906,
        "per_step_iou": [
          0.048035354020559126,
          0.23965872597421273,
          0.5882517717583124,
          0.9764376610668086,
          0.3255208333333338,
          0.5084961227170639,
          0.651384968516393,
          0.8080556936847343,
          0.71646068421995,
          0.0,
          0.0,
          0.0,
          0.6954961656293901
        ],
        "recall_at_1_iou_0.3": 0.6153846153846154,
        "recall_at_1_iou_0.5": 0.5384615384615384,
        "recall_at_1_iou_0.7": 0.23076923076923078,
        "step_detection_rate": 0.7692307692307693,
        "ordering_compliance": 1.0,
        "num_gt_steps": 13,
        "num_predictions": 13
      }
    },
    {
      "recording_id": "10_6",
      "metrics": {
        "mean_iou": 0.43183271179391514,
        "per_step_iou": [
          0.03824999999999997,
          0.23342670401493934,
          0.8642444444444444,
          0.2797985450475659,
          0.22799817601459185,
          0.8151153846153846,
          0.9421309872922791,
          0.8375910880308238,
          0.8633876600698482,
          0.8063587144338199,
          0.40090872644661213,
          0.22373033037512086,
          0.47724999999999795,
          0.5201465201465209,
          0.1254119973632165,
          0.1781217882836584,
          0.0,
          0.0,
          0.37095045750556427
        ],
        "recall_at_1_iou_0.3": 0.5263157894736842,
        "recall_at_1_iou_0.5": 0.3684210526315789,
        "recall_at_1_iou_0.7": 0.3157894736842105,
        "step_detection_rate": 1.0,
        "ordering_compliance": 1.0,
        "num_gt_steps": 19,
        "num_predictions": 19
      }
    },
    {
      "recording_id": "9_45",
      "metrics": {
        "mean_iou": 0.384362794476833,
        "per_step_iou": [
          0.0,
          0.5077564839044104,
          0.5664157705228159,
          0.0,
          0.03370699822529278,
          0.17677447958153544,
          0.0,
          0.84704438132819,
          0.6026402713006896,
          0.6026402713006891,
          0.8910120830815398
        ],
        "recall_at_1_iou_0.3": 0.5454545454545454,
        "recall_at_1_iou_0.5": 0.5454545454545454,
        "recall_at_1_iou_0.7": 0.18181818181818182,
        "step_detection_rate": 0.8181818181818182,
        "ordering_compliance": 1.0,
        "num_gt_steps": 11,
        "num_predictions": 11
      }
    },
    {
      "recording_id": "1_34",
      "metrics": {
        "mean_iou": 0.22840565439977853,
        "per_step_iou": [
          0.03301746623964077,
          0.09394081728511036,
          0.5115661918692948,
          0.609583001329044,
          0.6366733735953546,
          0.0,
          0.03821878114207646,
          0.06556280706262696,
          0.523899759874416,
          0.0,
          0.0
        ],
        "recall_at_1_iou_0.3": 0.36363636363636365,
        "recall_at_1_iou_0.5": 0.36363636363636365,
        "recall_at_1_iou_0.7": 0.0,
        "step_detection_rate": 1.0,
        "ordering_compliance": 1.0,
        "num_gt_steps": 11,
        "num_predictions": 11
      }
    }
  ]
}