{
  "dataset": "captaincook4d",
  "model": "gemini-2.5-flash",
  "num_videos": 5,
  "results": [
    {
      "recording_id": "12_51",
      "metrics": {
        "mean_iou": 0.5159090832053794,
        "per_step_iou": [
          0.7093608160598147,
          0.7702217605356196,
          0.9093696805572343,
          0.8934017828098053,
          0.0,
          0.0,
          0.3560640754597508,
          0.6828213424266093,
          0.32194229099958077
        ],
        "recall_at_1_iou_0.3": 0.7777777777777778,
        "recall_at_1_iou_0.5": 0.5555555555555556,
        "recall_at_1_iou_0.7": 0.4444444444444444,
        "step_detection_rate": 0.8888888888888888,
        "ordering_compliance": 1.0,
        "num_gt_steps": 9,
        "num_predictions": 9
      }
    },
    {
      "recording_id": "10_50",
      "metrics": {
        "mean_iou": 0.05516021056700478,
        "per_step_iou": [
          0.048035354020559126,
          0.23965872597421273,
          0.42938865737629023,
          0.0,
          0.0,
          0.0,
          0.0,
          0.0,
          0.0,
          0.0,
          0.0,
          0.0,
          0.0
        ],
        "recall_at_1_iou_0.3": 0.07692307692307693,
        "recall_at_1_iou_0.5": 0.0,
        "recall_at_1_iou_0.7": 0.0,
        "step_detection_rate": 0.7692307692307693,
        "ordering_compliance": 1.0,
        "num_gt_steps": 13,
        "num_predictions": 13
      }
    },
    {
      "recording_id": "10_6",
      "metrics": {
        "mean_iou": 4.593034204325718e-05,
        "per_step_iou": [
          0.0008726764988218863,
          0.0,
          0.0,
          0.0,
          0.0,
          0.0,
          0.0,
          0.0,
          0.0,
          0.0,
          0.0,
          0.0,
          0.0,
          0.0,
          0.0,
          0.0,
          0.0,
          0.0,
          0.0
        ],
        "recall_at_1_iou_0.3": 0.0,
        "recall_at_1_iou_0.5": 0.0,
        "recall_at_1_iou_0.7": 0.0,
        "step_detection_rate": 1.0,
        "ordering_compliance": 1.0,
        "num_gt_steps": 19,
        "num_predictions": 19
      }
    },
    {
      "recording_id": "9_45",
      "metrics": {
        "mean_iou": 0.03231830352319603,
        "per_step_iou": [
          0.0,
          0.35550133875515627,
          0.0,
          0.0,
          0.0,
          0.0,
          0.0,
          0.0,
          0.0,
          0.0,
          0.0
        ],
        "recall_at_1_iou_0.3": 0.09090909090909091,
        "recall_at_1_iou_0.5": 0.0,
        "recall_at_1_iou_0.7": 0.0,
        "step_detection_rate": 0.6363636363636364,
        "ordering_compliance": 1.0,
        "num_gt_steps": 11,
        "num_predictions": 11
      }
    },
    {
      "recording_id": "1_34",
      "metrics": {
        "mean_iou": 0.022179542675451937,
        "per_step_iou": [
          0.13206986495856307,
          0.0,
          0.11190510447140822,
          0.0,
          0.0,
          0.0,
          0.0,
          0.0,
          0.0,
          0.0,
          0.0
        ],
        "recall_at_1_iou_0.3": 0.0,
        "recall_at_1_iou_0.5": 0.0,
        "recall_at_1_iou_0.7": 0.0,
        "step_detection_rate": 1.0,
        "ordering_compliance": 1.0,
        "num_gt_steps": 11,
        "num_predictions": 11
      }
    }
  ]
}