{
  "config": "fps4-sub",
  "fps_tag": "fps4",
  "format_tag": "sub",
  "ts_format": "MM:SS.ss",
  "num_videos": 5,
  "aggregate": {
    "mean_iou": 0.3651039306312605,
    "recall_at_1_iou_0.3": 0.5362613994192942,
    "recall_at_1_iou_0.5": 0.3203042571463624,
    "recall_at_1_iou_0.7": 0.19532981638244795,
    "step_detection_rate": 1.0,
    "ordering_compliance": 0.9800000000000001
  },
  "per_video": [
    {
      "recording_id": "12_51",
      "metrics": {
        "mean_iou": 0.635832866426642,
        "per_step_iou": [
          0.8039422582011236,
          0.7352992415081897,
          0.8994718072045506,
          0.8934017828098053,
          0.45922261326448816,
          0.5781054865056741,
          0.47475210061300105,
          0.6207466749332812,
          0.2575538327996646
        ],
        "recall_at_1_iou_0.3": 0.8888888888888888,
        "recall_at_1_iou_0.5": 0.6666666666666666,
        "recall_at_1_iou_0.7": 0.4444444444444444,
        "step_detection_rate": 1.0,
        "ordering_compliance": 1.0,
        "num_gt_steps": 9,
        "num_predictions": 9
      }
    },
    {
      "recording_id": "10_50",
      "metrics": {
        "mean_iou": 0.4075365952521548,
        "per_step_iou": [
          0.024017677010279563,
          0.19172698077937017,
          0.44819182610157143,
          0.8643133355631445,
          0.24414062500000036,
          0.5508707996101525,
          0.5893483048481651,
          0.3729487817006466,
          0.71646068421995,
          0.0,
          0.49019607843137103,
          0.0,
          0.8057606450133605
        ],
        "recall_at_1_iou_0.3": 0.6153846153846154,
        "recall_at_1_iou_0.5": 0.38461538461538464,
        "recall_at_1_iou_0.7": 0.23076923076923078,
        "step_detection_rate": 1.0,
        "ordering_compliance": 1.0,
        "num_gt_steps": 13,
        "num_predictions": 13
      }
    },
    {
      "recording_id": "10_6",
      "metrics": {
        "mean_iou": 0.39999102742962295,
        "per_step_iou": [
          0.03824999999999997,
          0.31123560535325245,
          0.8838863636363636,
          0.3730647267300879,
          0.7599939200486395,
          0.9908932194592556,
          0.6080259424402111,
          0.7538319792277415,
          0.44083935813789443,
          0.6911646123718457,
          0.55087588520313,
          0.1962172056131792,
          0.0,
          0.0,
          0.0,
          0.4408782294330303,
          0.1897220160026407,
          0.0,
          0.37095045750556427
        ],
        "recall_at_1_iou_0.3": 0.631578947368421,
        "recall_at_1_iou_0.5": 0.3684210526315789,
        "recall_at_1_iou_0.7": 0.21052631578947367,
        "step_detection_rate": 1.0,
        "ordering_compliance": 1.0,
        "num_gt_steps": 19,
        "num_predictions": 19
      }
    },
    {
      "recording_id": "9_45",
      "metrics": {
        "mean_iou": 0.24701328471962816,
        "per_step_iou": [
          0.1269391209761026,
          0.3173478024402565,
          0.0,
          0.0,
          0.8848087034139354,
          0.04419361989538386,
          0.2778765534370517,
          0.30844513254136957,
          0.022151192475969805,
          0.09039604069510337,
          0.6449879660407372
        ],
        "recall_at_1_iou_0.3": 0.36363636363636365,
        "recall_at_1_iou_0.5": 0.18181818181818182,
        "recall_at_1_iou_0.7": 0.09090909090909091,
        "step_detection_rate": 1.0,
        "ordering_compliance": 0.9,
        "num_gt_steps": 11,
        "num_predictions": 11
      }
    },
    {
      "recording_id": "1_34",
      "metrics": {
        "mean_iou": 0.1351458793282546,
        "per_step_iou": [
          0.08254366559910192,
          0.05396538069917423,
          0.07993221747957731,
          0.0,
          0.0,
          0.3089089336463609,
          0.11465634342622939,
          0.10555782099444506,
          0.13970660263317758,
          0.25993513329434037,
          0.34139857483839364
        ],
        "recall_at_1_iou_0.3": 0.18181818181818182,
        "recall_at_1_iou_0.5": 0.0,
        "recall_at_1_iou_0.7": 0.0,
        "step_detection_rate": 1.0,
        "ordering_compliance": 1.0,
        "num_gt_steps": 11,
        "num_predictions": 11
      }
    }
  ]
}